temps(ms),C,alpha,simulations,position,recompenses,,
700,0.44,0.1,1882536,0.877665630193341,140,,
700,0.44,0.1,1882536,1.3492024920179224,70,,
700,0.44,0.1,1899779,1.7125458011536083,170,,
700,0.44,0.1,1894639,0.8314372849844999,140,,
700,0.44,0.1,1894639,0.9290185852377085,140,,
700,0.44,0.1,1894639,0.9940266994952647,140,,
700,0.44,0.1,1882536,0.2041394742206648,140,,
700,0.44,0.1,1882536,1.510491635246583,70,,
700,0.44,0.1,1882536,1.3556659210212447,70,,
700,0.44,0.1,1882536,0.4223182697155615,140,,
700,0.44,0.1,1894639,0.8968983919170977,140,,
700,0.44,0.1,1882536,1.5173578854872574,70,,
700,0.44,0.1,1882536,0.21389346711734358,140,,
700,0.44,0.1,1882536,0.5728059479290701,140,,
700,0.44,0.1,1894639,0.9313672333315806,140,,
700,0.44,0.1,1882536,1.196608612499689,70,,
700,0.44,0.1,1882536,0.7440982387009568,140,,
700,0.44,0.1,1882536,1.3531950586118895,70,,
700,0.44,0.1,1882536,1.5379717870950982,70,,
700,0.44,0.1,1894639,0.9138319235042495,140,,
700,0.44,0.1,1882536,1.3857409602009656,70,,
700,0.44,0.1,1882536,0.9782938889116793,140,,
700,0.44,0.1,1882536,0.7602192753410382,140,,
700,0.44,0.1,1882536,0.4987236511851406,140,,
700,0.44,0.1,1882536,0.8581960030242164,140,,
700,0.44,0.1,1894639,0.4880407148157411,140,,
700,0.44,0.1,1882536,1.0683181427993862,70,,
700,0.44,0.1,1882536,0.97429033119863,140,,
700,0.44,0.1,1894639,0.8760159849720311,140,,
700,0.44,0.1,1882536,1.0635245010836853,70,,
700,0.44,0.1,1882536,0.7336364539955936,140,,
700,0.44,0.1,1882536,0.5770377501175877,140,,
700,0.44,0.1,1894639,0.8793230694683098,140,,
700,0.44,0.1,1882536,0.9935336929447132,140,,
700,0.44,0.1,1882536,0.7509516076573975,140,,
700,0.44,0.1,1882536,1.4462187403364624,70,,
700,0.44,0.1,1882536,1.2569012195569127,70,,
700,0.44,0.1,1899779,1.7288677759421087,170,,
700,0.44,0.1,1882536,1.4588978938208066,70,,
700,0.44,0.1,1882536,0.29833462365577323,140,,
700,0.44,0.1,1882536,0.43144378694816987,140,,
700,0.44,0.1,1882536,0.9971201226687315,140,,
700,0.44,0.1,1894639,0.6704126253684906,140,,
700,0.44,0.1,1882536,1.0097611741239079,70,,
700,0.44,0.1,1894639,0.5594071225197673,140,,
700,0.44,0.1,1894639,0.2595579556365344,140,,
700,0.44,0.1,1882536,0.21420237243547136,140,,
700,0.44,0.1,1894639,0.767580567168895,140,,
700,0.44,0.1,1894639,0.6504323266932421,140,,
700,0.44,0.1,1894639,0.6411731744399264,140,,
700,0.44,0.1,1894639,0.791463478591634,140,,
700,0.44,0.1,1882536,1.0079037145627205,70,,
700,0.44,0.1,1882536,1.5756984653373287,70,,
700,0.44,0.1,1882536,0.6259929069651696,140,,
700,0.44,0.1,1882536,0.7954037867137786,140,,
700,0.44,0.1,1882536,1.5330031619090263,70,,
700,0.44,0.1,1882536,0.7193063917811842,140,,
700,0.44,0.1,1894639,0.9709374875840996,140,,
700,0.44,0.1,1882536,1.1753521158644935,70,,
700,0.44,0.1,1882536,1.5799161102252364,70,,
700,0.44,0.1,1894639,0.855894516746559,140,,
700,0.44,0.1,1882536,1.344715734251293,70,,
700,0.44,0.1,1882536,1.4155837485373806,70,,
700,0.44,0.1,1894639,0.6896712860821236,140,,
700,0.44,0.1,1882536,1.7641077413347,170,,
700,0.44,0.1,1882536,1.2634601676473172,70,,
700,0.44,0.1,1882536,1.5115427300572302,70,,
700,0.44,0.1,1894639,0.8552761465209332,140,,
700,0.44,0.1,1894639,0.6771346718425043,140,,
700,0.44,0.1,1882536,0.9004653690713313,140,,
700,0.44,0.1,1882536,1.606256706479283,70,,
700,0.44,0.1,1899779,1.8211038228359064,170,,
700,0.44,0.1,1882536,1.4056395103599473,70,,
700,0.44,0.1,1882536,0.6581555956662634,140,,
700,0.44,0.1,1882536,0.6290068144965443,140,,
700,0.44,0.1,1894639,0.6966538553588671,140,,
700,0.44,0.1,1899779,1.8160226353109332,170,,
700,0.44,0.1,1882536,0.925506091693747,140,,
700,0.44,0.1,1882536,1.6812013144333187,70,,
700,0.44,0.1,1882536,1.094680521352716,70,,
700,0.44,0.1,1882536,1.8638459331444885,170,,
700,0.44,0.1,1899779,1.8474627104507526,170,,
700,0.44,0.1,1882536,1.181360718221082,70,,
700,0.44,0.1,1894639,0.8890749029481871,140,,
700,0.44,0.1,1894639,0.7517229633809747,140,,
700,0.44,0.1,1882536,0.49357417148540483,140,,
700,0.44,0.1,1899779,1.9665276964707274,170,,
700,0.44,0.1,1894639,0.9703371610148124,140,,
700,0.44,0.1,1899779,1.7871250283310143,170,,
700,0.44,0.1,1894639,0.9968945639401986,140,,
700,0.44,0.1,1894639,0.8912526762501443,140,,
700,0.44,0.1,1882536,1.142013937807254,70,,
700,0.44,0.1,1882536,0.5808016526841548,140,,
700,0.44,0.1,1882536,0.8549835414064803,140,,
700,0.44,0.1,1882536,0.5829263454142666,140,,
700,0.44,0.1,1894639,0.49075188848568796,140,,
700,0.44,0.1,1894639,0.9683460997788745,140,,
700,0.44,0.1,1899779,1.7647813212649435,170,,
700,0.44,0.1,1894639,0.9595229409749775,140,,
700,0.44,0.1,1882536,1.2107428832084906,70,"1887546,34",122
700,0.44,0.2,253480,1.7010456772457365,170,,
700,0.44,0.2,255725,0.9478478959531539,140,,
700,0.44,0.2,252233,1.4242752269688932,70,,
700,0.44,0.2,259815,0.6151458361199598,140,,
700,0.44,0.2,257098,0.5805742233846314,140,,
700,0.44,0.2,256636,0.6707582665973301,140,,
700,0.44,0.2,253683,1.8104276202706573,170,,
700,0.44,0.2,253227,1.7648005726641278,170,,
700,0.44,0.2,257629,1.7195893405397946,170,,
700,0.44,0.2,256442,0.7288813197536163,140,,
700,0.44,0.2,258558,0.9703851114942542,140,,
700,0.44,0.2,255002,0.786443347514281,140,,
700,0.44,0.2,255724,0.8489702718552408,140,,
700,0.44,0.2,255298,0.7465176355791142,140,,
700,0.44,0.2,254512,1.711863978633003,170,,
700,0.44,0.2,258023,1.7189715368565308,170,,
700,0.44,0.2,258894,0.5931724020471392,140,,
700,0.44,0.2,258632,0.48927474476996125,140,,
700,0.44,0.2,259722,0.681086116395843,140,,
700,0.44,0.2,254415,1.7409838971752225,170,,
700,0.44,0.2,253830,1.7373723711009736,170,,
700,0.44,0.2,259784,0.9878244070771658,140,,
700,0.44,0.2,257904,0.557926895033158,140,,
700,0.44,0.2,256453,0.6854695974419093,140,,
700,0.44,0.2,259311,0.8295926727971484,140,,
700,0.44,0.2,254207,1.8472935166885964,170,,
700,0.44,0.2,256675,0.8757029401331647,140,,
700,0.44,0.2,260178,0.8507264504502743,140,,
700,0.44,0.2,259389,0.6525252204547332,140,,
700,0.44,0.2,250838,1.8380839541367129,170,,
700,0.44,0.2,259165,0.9324911326850124,140,,
700,0.44,0.2,260289,0.7151501866017415,140,,
700,0.44,0.2,258492,0.7617141122975196,140,,
700,0.44,0.2,260274,0.26166202565993224,140,,
700,0.44,0.2,253180,1.7072827765444178,170,,
700,0.44,0.2,259749,0.7737712232308689,140,,
700,0.44,0.2,260081,0.72483862255975,140,,
700,0.44,0.2,257956,0.205109374827102,140,,
700,0.44,0.2,257457,0.9859366847407837,140,,
700,0.44,0.2,257500,0.8880910922147366,140,,
700,0.44,0.2,252654,1.71774517768356,170,,
700,0.44,0.2,259281,0.9394160266075404,140,,
700,0.44,0.2,257735,0.8806420120840058,140,,
700,0.44,0.2,252293,1.7681913791727637,170,,
700,0.44,0.2,258415,0.8767020376150949,140,,
700,0.44,0.2,254204,0.7616638018504673,140,,
700,0.44,0.2,256877,0.8523593592130306,140,,
700,0.44,0.2,258864,0.9323976914560343,140,,
700,0.44,0.2,259779,0.2718376211260617,140,,
700,0.44,0.2,253033,1.8538837706734217,170,,
700,0.44,0.2,252713,1.7177588703904603,170,,
700,0.44,0.2,250233,1.784840843523964,170,,
700,0.44,0.2,257187,0.5061024522242747,140,,
700,0.44,0.2,257030,1.8394409482142793,170,,
700,0.44,0.2,258186,0.6543566456180361,140,,
700,0.44,0.2,256529,0.7828184828559194,140,,
700,0.44,0.2,258879,0.3628835604806795,140,,
700,0.44,0.2,252379,1.8534621949552244,170,,
700,0.44,0.2,257091,0.5784677679674677,140,,
700,0.44,0.2,260546,0.6847106311864379,140,,
700,0.44,0.2,257825,0.5371954982011625,140,,
700,0.44,0.2,256041,0.8031473462159866,140,,
700,0.44,0.2,254596,1.9361124172342106,170,,
700,0.44,0.2,258896,0.36735310198215254,140,,
700,0.44,0.2,249781,0.9423085298889341,140,,
700,0.44,0.2,258205,0.7182339442730564,140,,
700,0.44,0.2,259160,0.521221151741391,140,,
700,0.44,0.2,256737,0.7045383205323892,140,,
700,0.44,0.2,260610,0.48892345334063325,140,,
700,0.44,0.2,255317,1.877483892233637,170,,
700,0.44,0.2,253644,0.6787873385516796,140,,
700,0.44,0.2,254107,0.435419191137002,140,,
700,0.44,0.2,253225,1.752715244997649,170,,
700,0.44,0.2,260241,0.41029578710620307,140,,
700,0.44,0.2,257171,0.7272841489755837,140,,
700,0.44,0.2,259499,0.8161718989183074,140,,
700,0.44,0.2,259468,0.42768429519482287,140,,
700,0.44,0.2,251657,1.9146102981884237,170,,
700,0.44,0.2,255452,1.7037472435234118,170,,
700,0.44,0.2,255878,0.5192904021266417,140,,
700,0.44,0.2,256820,0.8916134717114375,140,,
700,0.44,0.2,255873,0.7768487383422067,140,,
700,0.44,0.2,259819,0.9112036424755003,140,,
700,0.44,0.2,257826,0.5761131309529676,140,,
700,0.44,0.2,259793,0.3966346018118384,140,,
700,0.44,0.2,256938,0.9630818439349413,140,,
700,0.44,0.2,259557,0.7401962991293984,140,,
700,0.44,0.2,256619,0.6379471084873611,140,,
700,0.44,0.2,255840,1.7089672363539576,170,,
700,0.44,0.2,254620,1.760154112746283,170,,
700,0.44,0.2,258160,0.7455468442443796,140,,
700,0.44,0.2,260623,0.6922973924964959,140,,
700,0.44,0.2,258075,0.7789192082400365,140,,
700,0.44,0.2,256938,0.8503002685052213,140,,
700,0.44,0.2,259564,0.4570741086401835,140,,
700,0.44,0.2,259248,0.9452129393243881,140,,
700,0.44,0.2,256311,0.7252085477614227,140,,
700,0.44,0.2,256302,0.8784839703947138,140,,
700,0.44,0.2,257877,0.6003937923545946,140,,
700,0.44,0.2,257765,0.39273533354570933,140,"256834,46","146,8"
700,0.44,0.30000000000000004,30489,0.4075461578258879,140,,
700,0.44,0.30000000000000004,30340,0.6366997200798703,140,,
700,0.44,0.30000000000000004,30413,0.5211060365713983,140,,
700,0.44,0.30000000000000004,30140,1.8451521705678562,170,,
700,0.44,0.30000000000000004,30406,0.9829792815219295,140,,
700,0.44,0.30000000000000004,30162,1.9218481688657492,170,,
700,0.44,0.30000000000000004,30492,0.819498598193515,140,,
700,0.44,0.30000000000000004,30229,0.9114501343804801,140,,
700,0.44,0.30000000000000004,30354,0.6300209595583907,140,,
700,0.44,0.30000000000000004,30380,1.7413694838019473,170,,
700,0.44,0.30000000000000004,30531,0.29349310145902974,140,,
700,0.44,0.30000000000000004,30390,0.338259466802181,140,,
700,0.44,0.30000000000000004,30472,0.18413510362820673,140,,
700,0.44,0.30000000000000004,30343,0.7290055687341638,140,,
700,0.44,0.30000000000000004,30303,0.8082309050692154,140,,
700,0.44,0.30000000000000004,30314,0.8095023093537138,140,,
700,0.44,0.30000000000000004,30287,0.0750130730881069,140,,
700,0.44,0.30000000000000004,30279,0.801531779550392,140,,
700,0.44,0.30000000000000004,29869,1.8446829531194706,170,,
700,0.44,0.30000000000000004,30472,0.9604582266606814,140,,
700,0.44,0.30000000000000004,30373,0.8394103189218164,140,,
700,0.44,0.30000000000000004,30282,0.9893759614057905,140,,
700,0.44,0.30000000000000004,30260,1.7550773614015522,170,,
700,0.44,0.30000000000000004,30387,0.356083505692095,140,,
700,0.44,0.30000000000000004,30455,0.6116301332196077,140,,
700,0.44,0.30000000000000004,30008,1.8506818295553336,170,,
700,0.44,0.30000000000000004,30322,0.7176510674790513,140,,
700,0.44,0.30000000000000004,30441,0.9001423335037291,140,,
700,0.44,0.30000000000000004,30121,0.6264401956395629,140,,
700,0.44,0.30000000000000004,30445,0.6759399874959054,140,,
700,0.44,0.30000000000000004,30439,0.7774423168262364,140,,
700,0.44,0.30000000000000004,30357,0.7632796853872666,140,,
700,0.44,0.30000000000000004,30264,1.8827721703724458,170,,
700,0.44,0.30000000000000004,30309,1.7686498968542295,170,,
700,0.44,0.30000000000000004,30364,0.9251770343264946,140,,
700,0.44,0.30000000000000004,30264,1.8522605264953582,170,,
700,0.44,0.30000000000000004,30047,1.7210981043381994,170,,
700,0.44,0.30000000000000004,30247,1.7554210482347667,170,,
700,0.44,0.30000000000000004,30411,0.4756273444896403,140,,
700,0.44,0.30000000000000004,30495,0.9765524272557177,140,,
700,0.44,0.30000000000000004,30392,0.8685048330560364,140,,
700,0.44,0.30000000000000004,30434,0.8732504359953661,140,,
700,0.44,0.30000000000000004,30046,1.80946625290808,170,,
700,0.44,0.30000000000000004,30209,1.8054884140687628,170,,
700,0.44,0.30000000000000004,30185,1.7286906993852795,170,,
700,0.44,0.30000000000000004,30252,1.7348077861132674,170,,
700,0.44,0.30000000000000004,30302,0.6620595417341957,140,,
700,0.44,0.30000000000000004,30238,1.724107076998743,170,,
700,0.44,0.30000000000000004,30447,0.7924696870130964,140,,
700,0.44,0.30000000000000004,29991,1.8411544448661967,170,,
700,0.44,0.30000000000000004,30461,0.33091981985479746,140,,
700,0.44,0.30000000000000004,30009,1.7988219895491924,170,,
700,0.44,0.30000000000000004,30288,0.9551853722635899,140,,
700,0.44,0.30000000000000004,30246,1.8325121397034554,170,,
700,0.44,0.30000000000000004,30344,0.5769131104768481,140,,
700,0.44,0.30000000000000004,30462,0.6173339482597882,140,,
700,0.44,0.30000000000000004,30274,0.8162935054649727,140,,
700,0.44,0.30000000000000004,30142,1.762529708153434,170,,
700,0.44,0.30000000000000004,30419,0.5058719411795537,140,,
700,0.44,0.30000000000000004,30441,0.9702534291119966,140,,
700,0.44,0.30000000000000004,30170,1.730215697909327,170,,
700,0.44,0.30000000000000004,30007,1.812966181864111,170,,
700,0.44,0.30000000000000004,30164,0.7899809172294138,140,,
700,0.44,0.30000000000000004,30293,0.773844502439318,140,,
700,0.44,0.30000000000000004,30301,0.3033627951037622,140,,
700,0.44,0.30000000000000004,30428,0.5832571548756915,140,,
700,0.44,0.30000000000000004,30368,0.8395986239436696,140,,
700,0.44,0.30000000000000004,30316,0.9979788967785561,140,,
700,0.44,0.30000000000000004,30469,0.9608284810165943,140,,
700,0.44,0.30000000000000004,30255,0.9760715314405634,140,,
700,0.44,0.30000000000000004,30343,0.9936405531355283,140,,
700,0.44,0.30000000000000004,29866,0.5717160145797914,140,,
700,0.44,0.30000000000000004,30458,0.9890463047947035,140,,
700,0.44,0.30000000000000004,30296,1.7366902034708973,170,,
700,0.44,0.30000000000000004,30005,1.8517480236961172,170,,
700,0.44,0.30000000000000004,30106,1.7832295591616878,170,,
700,0.44,0.30000000000000004,30006,1.8903581174597233,170,,
700,0.44,0.30000000000000004,30410,0.7323225346072427,140,,
700,0.44,0.30000000000000004,30345,0.7294489283216594,140,,
700,0.44,0.30000000000000004,30387,0.8157640462678135,140,,
700,0.44,0.30000000000000004,30406,0.8278396175777906,140,,
700,0.44,0.30000000000000004,29695,1.8976017816330362,170,,
700,0.44,0.30000000000000004,30517,0.7348745525890598,140,,
700,0.44,0.30000000000000004,30423,0.47563490209347037,140,,
700,0.44,0.30000000000000004,30067,1.7709445019724304,170,,
700,0.44,0.30000000000000004,30505,0.38939124900236033,140,,
700,0.44,0.30000000000000004,30038,1.7114055286712118,170,,
700,0.44,0.30000000000000004,30470,0.970905800793676,140,,
700,0.44,0.30000000000000004,30222,1.820493136328207,170,,
700,0.44,0.30000000000000004,30085,1.7873240478311812,170,,
700,0.44,0.30000000000000004,30041,0.44119757219485267,140,,
700,0.44,0.30000000000000004,30467,0.6820677036391735,140,,
700,0.44,0.30000000000000004,30063,1.7654847273556462,170,,
700,0.44,0.30000000000000004,30360,0.7991308490232968,140,,
700,0.44,0.30000000000000004,30440,0.6336798160341702,140,,
700,0.44,0.30000000000000004,30303,0.6770900519907298,140,,
700,0.44,0.30000000000000004,30500,0.8937731847500943,140,,
700,0.44,0.30000000000000004,30365,1.7171106058720924,170,,
700,0.44,0.30000000000000004,30468,0.6072066659780256,140,,
700,0.44,0.30000000000000004,30421,0.8936411932991967,140,"30293,87","149,9"
700,0.44,0.4,3735,0.5636987538500889,140,,
700,0.44,0.4,3719,0.297429564898255,140,,
700,0.44,0.4,3751,1.7832180080636306,170,,
700,0.44,0.4,3716,0.4152597446393661,140,,
700,0.44,0.4,3728,0.5556238936021344,140,,
700,0.44,0.4,3736,0.969795538750591,140,,
700,0.44,0.4,3711,0.8110555982656988,140,,
700,0.44,0.4,3724,0.9482161973688688,140,,
700,0.44,0.4,3726,0.5759451586585286,140,,
700,0.44,0.4,3732,0.7716936874617283,140,,
700,0.44,0.4,3714,0.284172765152673,140,,
700,0.44,0.4,3721,0.33769413973441054,140,,
700,0.44,0.4,3736,0.8715982965707426,140,,
700,0.44,0.4,3728,0.8995034698666513,140,,
700,0.44,0.4,3723,0.5169026738469018,140,,
700,0.44,0.4,3754,1.7817284664610091,170,,
700,0.44,0.4,3715,0.4937644812565547,140,,
700,0.44,0.4,3726,0.6474723905209423,140,,
700,0.44,0.4,3724,0.7232513774160078,140,,
700,0.44,0.4,3747,1.8054254354515367,170,,
700,0.44,0.4,3728,0.5120410597266661,140,,
700,0.44,0.4,3720,0.557063033169829,140,,
700,0.44,0.4,3746,1.7829182126630287,170,,
700,0.44,0.4,3731,0.9023023480103104,140,,
700,0.44,0.4,3717,0.23779952629236933,140,,
700,0.44,0.4,3748,1.8316285077747918,170,,
700,0.44,0.4,3734,0.8404501228972328,140,,
700,0.44,0.4,3719,0.4148843774966652,140,,
700,0.44,0.4,3756,1.718711511341415,170,,
700,0.44,0.4,3730,0.6471327371552174,140,,
700,0.44,0.4,3712,0.7954269890301775,140,,
700,0.44,0.4,3700,0.583623381501631,140,,
700,0.44,0.4,3729,0.6470617982450609,140,,
700,0.44,0.4,3734,0.6676592413580053,140,,
700,0.44,0.4,3724,0.815448666878988,140,,
700,0.44,0.4,3713,0.9349404855052281,140,,
700,0.44,0.4,3751,1.8722752551312651,170,,
700,0.44,0.4,3754,1.8310150539310865,170,,
700,0.44,0.4,3711,0.5114799847086158,140,,
700,0.44,0.4,3727,0.8722856249672655,140,,
700,0.44,0.4,3747,1.8560222137980635,170,,
700,0.44,0.4,3737,0.698299694810285,140,,
700,0.44,0.4,3727,0.7562588089732227,140,,
700,0.44,0.4,3716,0.4552311549971241,140,,
700,0.44,0.4,3720,0.8395942838099437,140,,
700,0.44,0.4,3730,0.8733793771177373,140,,
700,0.44,0.4,3712,0.4975424305294587,140,,
700,0.44,0.4,3712,0.32818513365092905,140,,
700,0.44,0.4,3713,0.3426490975053359,140,,
700,0.44,0.4,3718,0.8741204124472234,140,,
700,0.44,0.4,3716,0.32465280381125394,140,,
700,0.44,0.4,3716,0.6410881236349866,140,,
700,0.44,0.4,3716,0.20605687303026998,140,,
700,0.44,0.4,3711,0.49744448981299927,140,,
700,0.44,0.4,3719,0.9917700674855886,140,,
700,0.44,0.4,3724,0.9909410997471643,140,,
700,0.44,0.4,3749,1.9032937009194901,170,,
700,0.44,0.4,3735,1.8230564615134321,170,,
700,0.44,0.4,3735,0.7159073850416025,140,,
700,0.44,0.4,3756,1.794848747459549,170,,
700,0.44,0.4,3739,1.7220412253561277,170,,
700,0.44,0.4,3715,0.684078005946618,140,,
700,0.44,0.4,3711,0.5401774232817967,140,,
700,0.44,0.4,3710,0.24889421355625907,140,,
700,0.44,0.4,3719,0.4838349172676255,140,,
700,0.44,0.4,3726,0.9325361256474741,140,,
700,0.44,0.4,3723,0.3831088013693653,140,,
700,0.44,0.4,3735,0.8413481318628817,140,,
700,0.44,0.4,3733,0.7143548979004212,140,,
700,0.44,0.4,3740,0.8235476886231397,140,,
700,0.44,0.4,3738,0.8556584033735014,140,,
700,0.44,0.4,3749,1.8848356609322816,170,,
700,0.44,0.4,3755,1.733744120993984,170,,
700,0.44,0.4,3724,0.36246641161205917,140,,
700,0.44,0.4,3730,0.5763714353850103,140,,
700,0.44,0.4,3745,1.7518957811791123,170,,
700,0.44,0.4,3746,1.8273887055964502,170,,
700,0.44,0.4,3733,0.9904440434068637,140,,
700,0.44,0.4,3740,0.8450774530364874,140,,
700,0.44,0.4,3735,0.7535321424190583,140,,
700,0.44,0.4,3721,0.7981241663473865,140,,
700,0.44,0.4,3740,1.8325929124421614,170,,
700,0.44,0.4,3749,1.7796300431117316,170,,
700,0.44,0.4,3753,1.786784745086198,170,,
700,0.44,0.4,3719,1.7766380554771075,170,,
700,0.44,0.4,3751,1.8569339980853727,170,,
700,0.44,0.4,3725,0.7344030519210142,140,,
700,0.44,0.4,3724,0.419274189447589,140,,
700,0.44,0.4,3729,0.7165779301456664,140,,
700,0.44,0.4,3715,0.7980988348868301,140,,
700,0.44,0.4,3751,1.8467398270689435,170,,
700,0.44,0.4,3711,0.3909806370375848,140,,
700,0.44,0.4,3717,0.8881307075539652,140,,
700,0.44,0.4,3712,0.06546369926055462,140,,
700,0.44,0.4,3737,0.806399660979032,140,,
700,0.44,0.4,3722,0.9671084900641228,140,,
700,0.44,0.4,3735,0.9782711713321282,140,,
700,0.44,0.4,3740,1.7866751560689849,170,,
700,0.44,0.4,3714,0.4478616947612265,140,,
700,0.44,0.4,3737,0.7202694534065646,140,"3729,07","147,2"
700,0.44,0.5,618,1.9542729671493178,170,,
700,0.44,0.5,612,0.6543667092997975,140,,
700,0.44,0.5,618,1.7202150048269718,170,,
700,0.44,0.5,619,1.893180954180128,170,,
700,0.44,0.5,618,0.7431788038491213,140,,
700,0.44,0.5,614,0.900179848854379,140,,
700,0.44,0.5,620,1.7106950317952838,170,,
700,0.44,0.5,618,1.7252828413879213,170,,
700,0.44,0.5,615,0.433032381619299,140,,
700,0.44,0.5,619,1.8390806383969065,170,,
700,0.44,0.5,616,0.2693493098480577,140,,
700,0.44,0.5,613,0.6208578283563343,140,,
700,0.44,0.5,613,0.5779071971828953,140,,
700,0.44,0.5,616,0.8226156974859753,140,,
700,0.44,0.5,619,1.762385765717616,170,,
700,0.44,0.5,618,1.8599798323496661,170,,
700,0.44,0.5,614,0.5562945685440979,140,,
700,0.44,0.5,618,1.7807859047893861,170,,
700,0.44,0.5,615,0.6488549004383708,140,,
700,0.44,0.5,618,0.995442270744049,140,,
700,0.44,0.5,615,0.8391752830003009,140,,
700,0.44,0.5,615,0.37065632482771405,140,,
700,0.44,0.5,618,1.817695034773892,170,,
700,0.44,0.5,619,1.7172002051898414,170,,
700,0.44,0.5,616,0.8927749690926196,140,,
700,0.44,0.5,613,0.5875024492227104,140,,
700,0.44,0.5,616,0.15399607600235965,140,,
700,0.44,0.5,615,0.9383614765064118,140,,
700,0.44,0.5,615,0.8255376107628842,140,,
700,0.44,0.5,615,0.893843811048861,140,,
700,0.44,0.5,620,1.7144868333382357,170,,
700,0.44,0.5,616,0.4772780824910634,140,,
700,0.44,0.5,615,0.40756011084632426,140,,
700,0.44,0.5,612,0.9040094086401266,140,,
700,0.44,0.5,614,0.30114919787184813,140,,
700,0.44,0.5,613,0.6960949587820625,140,,
700,0.44,0.5,620,1.7531534348829803,170,,
700,0.44,0.5,613,0.6852975831905622,140,,
700,0.44,0.5,619,1.7907585579897063,170,,
700,0.44,0.5,613,0.6550747849692714,140,,
700,0.44,0.5,614,0.5743083178496177,140,,
700,0.44,0.5,616,0.6942823056057545,140,,
700,0.44,0.5,615,0.7942795384784936,140,,
700,0.44,0.5,620,1.8000324750143633,170,,
700,0.44,0.5,619,1.7799423636559415,170,,
700,0.44,0.5,614,0.4252063594576143,140,,
700,0.44,0.5,608,0.7404366102953377,140,,
700,0.44,0.5,612,0.25399261184485045,140,,
700,0.44,0.5,615,0.8690939555399492,140,,
700,0.44,0.5,613,0.32055309099922225,140,,
700,0.44,0.5,615,0.7212774410166167,140,,
700,0.44,0.5,614,0.45929203147151676,140,,
700,0.44,0.5,615,0.648964900853317,140,,
700,0.44,0.5,619,1.7034064937897124,170,,
700,0.44,0.5,613,0.3454272229241465,140,,
700,0.44,0.5,618,1.8031604382320152,170,,
700,0.44,0.5,615,0.9070131651454985,140,,
700,0.44,0.5,615,0.351559023107871,140,,
700,0.44,0.5,615,0.3831370980000963,140,,
700,0.44,0.5,616,0.677061391037364,140,,
700,0.44,0.5,615,0.03666572452160599,140,,
700,0.44,0.5,615,0.7493960957333432,140,,
700,0.44,0.5,617,0.6801729807074753,140,,
700,0.44,0.5,616,0.4611033051024287,140,,
700,0.44,0.5,616,0.4347851560410846,140,,
700,0.44,0.5,615,0.4346351281197076,140,,
700,0.44,0.5,619,1.7604043330181993,170,,
700,0.44,0.5,615,0.938304915429216,140,,
700,0.44,0.5,618,1.8842108980927663,170,,
700,0.44,0.5,620,1.9217976009598883,170,,
700,0.44,0.5,620,1.7034635324656167,170,,
700,0.44,0.5,616,0.5763570562290856,140,,
700,0.44,0.5,618,1.9580637294494374,170,,
700,0.44,0.5,617,0.7314170270836661,140,,
700,0.44,0.5,616,0.6235701641286092,140,,
700,0.44,0.5,614,0.43160328370273526,140,,
700,0.44,0.5,616,0.5150406363860827,140,,
700,0.44,0.5,615,0.5625055469400887,140,,
700,0.44,0.5,618,1.9101155387552033,170,,
700,0.44,0.5,616,0.8106245331267956,140,,
700,0.44,0.5,615,0.8342732026944514,140,,
700,0.44,0.5,617,0.9638291170839237,140,,
700,0.44,0.5,619,1.7296522784979875,170,,
700,0.44,0.5,618,0.9011384810643679,140,,
700,0.44,0.5,616,0.7153680129314082,140,,
700,0.44,0.5,614,0.6262753236928474,140,,
700,0.44,0.5,615,0.9865510741015178,140,,
700,0.44,0.5,616,0.5533763765809159,140,,
700,0.44,0.5,616,0.7410051978694756,140,,
700,0.44,0.5,619,1.7726313672904825,170,,
700,0.44,0.5,619,1.7186287193676528,170,,
700,0.44,0.5,619,1.8957009596729928,170,,
700,0.44,0.5,615,0.895814265520358,140,,
700,0.44,0.5,616,0.6995645395448519,140,,
700,0.44,0.5,615,0.5398314639019426,140,,
700,0.44,0.5,618,1.7827958439942408,170,,
700,0.44,0.5,618,1.752387280530733,170,,
700,0.44,0.5,619,1.9100133026637276,170,,
700,0.44,0.5,615,0.8164289119619103,140,,
700,0.44,0.5,616,0.6812052619347843,140,"616,11","149,3"
700,0.44,0.6,136,0.8211277843626997,140,,
700,0.44,0.6,137,1.7125536978772558,170,,
700,0.44,0.6,135,0.9685895394303393,140,,
700,0.44,0.6,136,0.9207455946569655,140,,
700,0.44,0.6,135,0.9428240448488312,140,,
700,0.44,0.6,135,0.13346264751811454,140,,
700,0.44,0.6,135,1.82627147046467,170,,
700,0.44,0.6,137,1.8336972467005388,170,,
700,0.44,0.6,136,0.7827304475310329,140,,
700,0.44,0.6,136,0.8739557383583283,140,,
700,0.44,0.6,136,0.9446035655664233,140,,
700,0.44,0.6,135,0.909113197602286,140,,
700,0.44,0.6,135,0.3083325575613204,140,,
700,0.44,0.6,135,0.13845848651361636,140,,
700,0.44,0.6,136,0.6289249947047877,140,,
700,0.44,0.6,137,1.7298307612314479,170,,
700,0.44,0.6,135,0.4484925294721648,140,,
700,0.44,0.6,137,1.9025071978808632,170,,
700,0.44,0.6,136,0.7856342701351258,140,,
700,0.44,0.6,136,0.804791277336893,140,,
700,0.44,0.6,137,1.9915654538435277,170,,
700,0.44,0.6,135,0.32287451753062635,140,,
700,0.44,0.6,137,1.719261160528237,170,,
700,0.44,0.6,136,0.8140475802095198,140,,
700,0.44,0.6,137,1.7307065630172285,170,,
700,0.44,0.6,136,0.7675627496385176,140,,
700,0.44,0.6,136,0.7355780458133225,140,,
700,0.44,0.6,136,0.9185367489351143,140,,
700,0.44,0.6,137,1.7805462381043209,170,,
700,0.44,0.6,135,0.28555360705455046,140,,
700,0.44,0.6,136,0.43054048028853864,140,,
700,0.44,0.6,137,1.754848988404535,170,,
700,0.44,0.6,136,0.8534312244391399,140,,
700,0.44,0.6,137,1.7994776088303444,170,,
700,0.44,0.6,136,0.7131592500746754,140,,
700,0.44,0.6,135,0.43291418300893125,140,,
700,0.44,0.6,136,0.8644307174573761,140,,
700,0.44,0.6,137,1.911852052418579,170,,
700,0.44,0.6,136,0.8057432668119648,140,,
700,0.44,0.6,136,0.7072393398820379,140,,
700,0.44,0.6,135,1.7942937837301542,170,,
700,0.44,0.6,136,0.8510143209131984,140,,
700,0.44,0.6,135,0.6184167178829819,140,,
700,0.44,0.6,136,0.804167857698275,140,,
700,0.44,0.6,136,0.5849312794674877,140,,
700,0.44,0.6,136,0.8540861466524058,140,,
700,0.44,0.6,136,0.5347288061778996,140,,
700,0.44,0.6,136,0.931136415318383,140,,
700,0.44,0.6,136,0.9756010209411371,140,,
700,0.44,0.6,135,0.478598116997322,140,,
700,0.44,0.6,136,0.7371562212438643,140,,
700,0.44,0.6,137,1.793569671951879,170,,
700,0.44,0.6,137,1.7922509025553652,170,,
700,0.44,0.6,136,0.6265607068817126,140,,
700,0.44,0.6,136,0.9545504440541728,140,,
700,0.44,0.6,135,0.31132846759830246,140,,
700,0.44,0.6,137,1.763581503373655,170,,
700,0.44,0.6,136,0.9691700957590204,140,,
700,0.44,0.6,135,0.5883734345409933,140,,
700,0.44,0.6,136,0.7529340499665496,140,,
700,0.44,0.6,137,1.8501044955008004,170,,
700,0.44,0.6,137,1.7424916705940539,170,,
700,0.44,0.6,136,0.7468023900530074,140,,
700,0.44,0.6,136,0.260068694488352,140,,
700,0.44,0.6,135,0.7476796770860101,140,,
700,0.44,0.6,137,1.7394634078243487,170,,
700,0.44,0.6,136,0.9347815791532214,140,,
700,0.44,0.6,136,0.7983485996709603,140,,
700,0.44,0.6,136,0.7396461739064532,140,,
700,0.44,0.6,136,0.7999132770860155,140,,
700,0.44,0.6,135,0.689240160904476,140,,
700,0.44,0.6,136,0.7116377429652583,140,,
700,0.44,0.6,135,0.8358511946320007,140,,
700,0.44,0.6,137,1.7449771419757432,170,,
700,0.44,0.6,136,0.8402075902418527,140,,
700,0.44,0.6,136,0.730674184314167,140,,
700,0.44,0.6,136,0.8753476124650902,140,,
700,0.44,0.6,137,1.714309404730439,170,,
700,0.44,0.6,137,1.721272796824996,170,,
700,0.44,0.6,136,0.6844259724126899,140,,
700,0.44,0.6,136,0.4750370824308572,140,,
700,0.44,0.6,137,1.7414894431757526,170,,
700,0.44,0.6,135,0.42251038360689386,140,,
700,0.44,0.6,136,0.8667655248834678,140,,
700,0.44,0.6,133,1.7160474713344036,170,,
700,0.44,0.6,135,0.48692225857216154,140,,
700,0.44,0.6,136,0.5032719943334706,140,,
700,0.44,0.6,135,0.9394649238882405,140,,
700,0.44,0.6,134,1.756505032108219,170,,
700,0.44,0.6,128,0.1659578270902876,140,,
700,0.44,0.6,136,0.8502440712455415,140,,
700,0.44,0.6,135,0.29629788520164224,140,,
700,0.44,0.6,135,0.527667422248471,140,,
700,0.44,0.6,135,0.6836080277315911,140,,
700,0.44,0.6,136,0.7515262418279388,140,,
700,0.44,0.6,136,0.8988744948353901,140,,
700,0.44,0.6,137,1.7278328222917003,170,,
700,0.44,0.6,137,1.8020550437314435,170,,
700,0.44,0.6,136,0.826933855304999,140,,
700,0.44,0.6,136,0.9354521256130629,140,"135,85","148,1"
700,0.44,0.7,37,0.5464070831323173,140,,
700,0.44,0.7,37,1.193684754594564,70,,
700,0.44,0.7,38,1.8008305770755189,170,,
700,0.44,0.7,38,1.7520664559774763,170,,
700,0.44,0.7,37,0.4293016977990506,140,,
700,0.44,0.7,37,0.6787901238625493,140,,
700,0.44,0.7,37,0.9431733265853206,140,,
700,0.44,0.7,37,0.6076953079296661,140,,
700,0.44,0.7,37,1.229147599114257,70,,
700,0.44,0.7,37,0.5121211740042876,140,,
700,0.44,0.7,37,0.318241307887249,140,,
700,0.44,0.7,38,1.7932727818953835,170,,
700,0.44,0.7,37,1.465025444763354,70,,
700,0.44,0.7,37,0.296982404290586,140,,
700,0.44,0.7,37,0.424561127294107,140,,
700,0.44,0.7,37,0.7378783279772851,140,,
700,0.44,0.7,37,0.6500455674680784,140,,
700,0.44,0.7,37,1.536469297778912,70,,
700,0.44,0.7,37,0.3402629422858895,140,,
700,0.44,0.7,37,0.20171293095734255,140,,
700,0.44,0.7,37,0.818123766866696,140,,
700,0.44,0.7,37,0.042241057751286726,140,,
700,0.44,0.7,37,0.9996260717990005,140,,
700,0.44,0.7,37,1.0323390816938172,70,,
700,0.44,0.7,37,0.7064060345725852,140,,
700,0.44,0.7,37,0.8540903143852961,140,,
700,0.44,0.7,37,0.1587783637967689,140,,
700,0.44,0.7,37,0.9345695764267555,140,,
700,0.44,0.7,37,0.5972076660081154,140,,
700,0.44,0.7,37,0.5636283288681123,140,,
700,0.44,0.7,38,1.8664219624480805,170,,
700,0.44,0.7,38,1.826216682302236,170,,
700,0.44,0.7,37,0.7753138117893564,140,,
700,0.44,0.7,37,0.4794500046732205,140,,
700,0.44,0.7,37,0.6842187357212647,140,,
700,0.44,0.7,38,1.7681916688822863,170,,
700,0.44,0.7,38,1.7333791487910506,170,,
700,0.44,0.7,37,1.7612156392053144,170,,
700,0.44,0.7,36,0.5565253475050108,140,,
700,0.44,0.7,36,0.8253346113787376,140,,
700,0.44,0.7,37,0.6962171580089757,140,,
700,0.44,0.7,37,0.784833642297544,140,,
700,0.44,0.7,37,1.0744427025243493,70,,
700,0.44,0.7,37,0.9718322182972372,140,,
700,0.44,0.7,37,0.694394938276468,140,,
700,0.44,0.7,37,1.2233902888826296,70,,
700,0.44,0.7,37,1.31924173681857,70,,
700,0.44,0.7,37,0.9011829888980117,140,,
700,0.44,0.7,37,0.6763480823206229,140,,
700,0.44,0.7,38,1.8706454066296931,170,,
700,0.44,0.7,37,0.5359237854293739,140,,
700,0.44,0.7,37,1.056204561065302,70,,
700,0.44,0.7,37,0.9140706492106181,140,,
700,0.44,0.7,37,1.1700557927154458,70,,
700,0.44,0.7,37,0.5997812896921825,140,,
700,0.44,0.7,38,1.7507418401241002,170,,
700,0.44,0.7,37,0.9684437470569348,140,,
700,0.44,0.7,37,0.19219180885016185,140,,
700,0.44,0.7,37,1.2310131436580662,70,,
700,0.44,0.7,38,1.7052565693289043,170,,
700,0.44,0.7,38,1.7585611474472782,170,,
700,0.44,0.7,38,1.877739389130591,170,,
700,0.44,0.7,37,0.4087741198613002,140,,
700,0.44,0.7,38,1.7467597841965132,170,,
700,0.44,0.7,37,0.839900966256604,140,,
700,0.44,0.7,38,1.7132198818341955,170,,
700,0.44,0.7,37,0.6919921510338232,140,,
700,0.44,0.7,37,0.898535488803324,140,,
700,0.44,0.7,37,0.8612843378674391,140,,
700,0.44,0.7,37,1.162016715749739,70,,
700,0.44,0.7,37,1.1502256095511998,70,,
700,0.44,0.7,37,0.8973041429644006,140,,
700,0.44,0.7,37,0.9695352200400824,140,,
700,0.44,0.7,37,0.9618708032471358,140,,
700,0.44,0.7,37,0.7860099846516629,140,,
700,0.44,0.7,38,1.7283651879173707,170,,
700,0.44,0.7,37,0.7114467572269491,140,,
700,0.44,0.7,37,0.47445615242710615,140,,
700,0.44,0.7,37,0.5890168996868306,140,,
700,0.44,0.7,37,0.7719914408412041,140,,
700,0.44,0.7,38,1.9448644505976795,170,,
700,0.44,0.7,37,0.42201523441303135,140,,
700,0.44,0.7,38,1.7140164968963085,170,,
700,0.44,0.7,37,0.6037673412163911,140,,
700,0.44,0.7,37,0.9860335991305866,140,,
700,0.44,0.7,37,0.7064342820304794,140,,
700,0.44,0.7,37,1.3932716759011265,70,,
700,0.44,0.7,37,0.8608809376484587,140,,
700,0.44,0.7,37,0.2833369285251902,140,,
700,0.44,0.7,37,0.7960472872624983,140,,
700,0.44,0.7,37,1.0333423732869265,70,,
700,0.44,0.7,38,1.7720904711976155,170,,
700,0.44,0.7,37,0.9882804222118232,140,,
700,0.44,0.7,38,1.7286079338730334,170,,
700,0.44,0.7,37,0.5854120905777345,140,,
700,0.44,0.7,37,0.6700401337574283,140,,
700,0.44,0.7,37,0.6302393978802072,140,,
700,0.44,0.7,37,0.7303138039266317,140,,
700,0.44,0.7,37,0.43296991491218784,140,,
700,0.44,0.7,38,1.8526248102711138,170,"37,18","135,8"
700,0.44,0.7999999999999999,13,1.1440748677459445,70,,
700,0.44,0.7999999999999999,13,0.9607910611903351,140,,
700,0.44,0.7999999999999999,13,0.1761435909854866,140,,
700,0.44,0.7999999999999999,13,1.276623426033315,70,,
700,0.44,0.7999999999999999,13,0.7991555962928987,140,,
700,0.44,0.7999999999999999,13,1.2509483483127115,70,,
700,0.44,0.7999999999999999,13,0.6134397849439259,140,,
700,0.44,0.7999999999999999,13,0.6171734131612701,140,,
700,0.44,0.7999999999999999,13,0.9212552274604751,140,,
700,0.44,0.7999999999999999,13,0.99635680484498,140,,
700,0.44,0.7999999999999999,13,0.6263951937776697,140,,
700,0.44,0.7999999999999999,13,0.8983694654168233,140,,
700,0.44,0.7999999999999999,13,1.6739765087985992,70,,
700,0.44,0.7999999999999999,13,0.9361566139291524,140,,
700,0.44,0.7999999999999999,13,1.748413894914746,170,,
700,0.44,0.7999999999999999,13,0.9329226663868955,140,,
700,0.44,0.7999999999999999,13,0.26335368607325504,140,,
700,0.44,0.7999999999999999,13,0.8311628863717173,140,,
700,0.44,0.7999999999999999,13,1.1539193322991717,70,,
700,0.44,0.7999999999999999,13,0.9787632718531613,140,,
700,0.44,0.7999999999999999,13,1.5525965419846637,70,,
700,0.44,0.7999999999999999,13,0.37326361466302815,140,,
700,0.44,0.7999999999999999,13,0.8300105259400624,140,,
700,0.44,0.7999999999999999,13,1.0039040137415591,70,,
700,0.44,0.7999999999999999,13,0.3458158159364608,140,,
700,0.44,0.7999999999999999,13,0.8231033533653752,140,,
700,0.44,0.7999999999999999,13,0.35663794245822655,140,,
700,0.44,0.7999999999999999,13,0.39814759034648606,140,,
700,0.44,0.7999999999999999,13,0.7244234517344021,140,,
700,0.44,0.7999999999999999,13,1.6709511050324641,70,,
700,0.44,0.7999999999999999,13,1.1518539698596815,70,,
700,0.44,0.7999999999999999,13,0.5866073949222855,140,,
700,0.44,0.7999999999999999,13,0.7050909871456588,140,,
700,0.44,0.7999999999999999,13,1.4330007983129744,70,,
700,0.44,0.7999999999999999,13,1.4693679227652714,70,,
700,0.44,0.7999999999999999,13,1.5466904611239238,70,,
700,0.44,0.7999999999999999,13,1.7712353231223612,170,,
700,0.44,0.7999999999999999,13,1.4884838124825905,70,,
700,0.44,0.7999999999999999,13,0.8988706324398043,140,,
700,0.44,0.7999999999999999,13,1.0116374119700118,70,,
700,0.44,0.7999999999999999,13,1.2664742881895132,70,,
700,0.44,0.7999999999999999,13,1.0862710905941775,70,,
700,0.44,0.7999999999999999,13,0.6501291323615568,140,,
700,0.44,0.7999999999999999,13,0.8948963255528721,140,,
700,0.44,0.7999999999999999,13,1.402723110924735,70,,
700,0.44,0.7999999999999999,13,0.9435141615781971,140,,
700,0.44,0.7999999999999999,13,1.214393175938263,70,,
700,0.44,0.7999999999999999,13,1.0970657022491723,70,,
700,0.44,0.7999999999999999,13,1.0956989934206565,70,,
700,0.44,0.7999999999999999,13,1.277181779722702,70,,
700,0.44,0.7999999999999999,13,1.4585818610583785,70,,
700,0.44,0.7999999999999999,13,1.29534704837365,70,,
700,0.44,0.7999999999999999,13,1.3667353284208783,70,,
700,0.44,0.7999999999999999,13,1.196272645920898,70,,
700,0.44,0.7999999999999999,13,1.124339868834927,70,,
700,0.44,0.7999999999999999,13,1.0273433333270614,70,,
700,0.44,0.7999999999999999,13,0.671116340102197,140,,
700,0.44,0.7999999999999999,13,0.6568303950459067,140,,
700,0.44,0.7999999999999999,13,0.7318626183282194,140,,
700,0.44,0.7999999999999999,13,1.7293004287069236,170,,
700,0.44,0.7999999999999999,13,0.8629857710615378,140,,
700,0.44,0.7999999999999999,13,1.8287866900907441,170,,
700,0.44,0.7999999999999999,13,1.2742968380953095,70,,
700,0.44,0.7999999999999999,13,0.9047200302830929,140,,
700,0.44,0.7999999999999999,13,1.5118209680400692,70,,
700,0.44,0.7999999999999999,13,0.5880002872016381,140,,
700,0.44,0.7999999999999999,13,0.9197945659368224,140,,
700,0.44,0.7999999999999999,13,0.49534566779060296,140,,
700,0.44,0.7999999999999999,13,0.1415760663370923,140,,
700,0.44,0.7999999999999999,13,0.9625649770772698,140,,
700,0.44,0.7999999999999999,13,0.7132851998992282,140,,
700,0.44,0.7999999999999999,13,1.5720991220682519,70,,
700,0.44,0.7999999999999999,13,0.8759010633028049,140,,
700,0.44,0.7999999999999999,13,1.1744084958799086,70,,
700,0.44,0.7999999999999999,13,0.5328169375127222,140,,
700,0.44,0.7999999999999999,13,0.8446909171812456,140,,
700,0.44,0.7999999999999999,13,0.3414517964494659,140,,
700,0.44,0.7999999999999999,13,1.274132866948347,70,,
700,0.44,0.7999999999999999,13,0.4387472574294179,140,,
700,0.44,0.7999999999999999,13,1.1962927691190584,70,,
700,0.44,0.7999999999999999,13,1.4768858429707161,70,,
700,0.44,0.7999999999999999,13,1.010190469963424,70,,
700,0.44,0.7999999999999999,13,0.7292736067050725,140,,
700,0.44,0.7999999999999999,13,1.496612549489581,70,,
700,0.44,0.7999999999999999,13,0.6077923070609006,140,,
700,0.44,0.7999999999999999,13,1.4022129067560611,70,,
700,0.44,0.7999999999999999,13,1.24816732622123,70,,
700,0.44,0.7999999999999999,13,1.2242451716919707,70,,
700,0.44,0.7999999999999999,13,1.5762509947219336,70,,
700,0.44,0.7999999999999999,13,0.4510155523064101,140,,
700,0.44,0.7999999999999999,13,1.1011324655027035,70,,
700,0.44,0.7999999999999999,13,0.7053698305392138,140,,
700,0.44,0.7999999999999999,13,0.9652781508264782,140,,
700,0.44,0.7999999999999999,13,0.6575251124811583,140,,
700,0.44,0.7999999999999999,13,0.9657190533576736,140,,
700,0.44,0.7999999999999999,13,0.7342108100441318,140,,
700,0.44,0.7999999999999999,13,0.9162604532895404,140,,
700,0.44,0.7999999999999999,13,1.2793892576738308,70,,
700,0.44,0.7999999999999999,13,0.6936649160030518,140,,
700,0.44,0.7999999999999999,13,0.2773929697393488,140,13,"111,8"
700,0.44,0.8999999999999999,6,0.762246495091136,140,,
700,0.44,0.8999999999999999,6,0.9332004706622548,140,,
700,0.44,0.8999999999999999,6,0.37956827019455597,140,,
700,0.44,0.8999999999999999,6,1.7576510711637414,170,,
700,0.44,0.8999999999999999,6,0.7146141990392125,140,,
700,0.44,0.8999999999999999,7,1.7648766096085649,170,,
700,0.44,0.8999999999999999,6,0.7531725450545812,140,,
700,0.44,0.8999999999999999,6,0.7364423587731314,140,,
700,0.44,0.8999999999999999,6,1.8190692992502493,170,,
700,0.44,0.8999999999999999,6,0.45633426262833243,140,,
700,0.44,0.8999999999999999,6,0.8156958171218212,140,,
700,0.44,0.8999999999999999,6,0.6601045577510639,140,,
700,0.44,0.8999999999999999,6,0.7340971696044214,140,,
700,0.44,0.8999999999999999,6,1.77056115689291,170,,
700,0.44,0.8999999999999999,6,0.9748185344434175,140,,
700,0.44,0.8999999999999999,6,0.3416830484486517,140,,
700,0.44,0.8999999999999999,6,0.7201036808253461,140,,
700,0.44,0.8999999999999999,6,0.48280213150071416,140,,
700,0.44,0.8999999999999999,6,0.3486816924192634,140,,
700,0.44,0.8999999999999999,6,0.7568501518615034,140,,
700,0.44,0.8999999999999999,6,0.8417778423245896,140,,
700,0.44,0.8999999999999999,6,0.7799762958195022,140,,
700,0.44,0.8999999999999999,6,0.9464550500434676,140,,
700,0.44,0.8999999999999999,6,0.4488555268707327,140,,
700,0.44,0.8999999999999999,6,1.7366049632105525,170,,
700,0.44,0.8999999999999999,6,0.7914262575003387,140,,
700,0.44,0.8999999999999999,6,1.718327142427194,170,,
700,0.44,0.8999999999999999,6,0.8363157194412632,140,,
700,0.44,0.8999999999999999,6,0.9753882704247723,140,,
700,0.44,0.8999999999999999,6,0.35396935405760177,140,,
700,0.44,0.8999999999999999,6,0.8420484423893385,140,,
700,0.44,0.8999999999999999,6,0.9545573840144843,140,,
700,0.44,0.8999999999999999,6,0.2809953159130417,140,,
700,0.44,0.8999999999999999,6,0.1759291618200951,140,,
700,0.44,0.8999999999999999,6,0.9562706617898968,140,,
700,0.44,0.8999999999999999,6,1.7671217821996648,170,,
700,0.44,0.8999999999999999,6,1.7901376984479613,170,,
700,0.44,0.8999999999999999,6,0.7723934593572005,140,,
700,0.44,0.8999999999999999,6,0.37364539843827826,140,,
700,0.44,0.8999999999999999,6,0.9511091973660794,140,,
700,0.44,0.8999999999999999,6,0.7413906252846431,140,,
700,0.44,0.8999999999999999,6,0.9032233043038564,140,,
700,0.44,0.8999999999999999,6,0.5821556673128089,140,,
700,0.44,0.8999999999999999,6,0.6312052269708662,140,,
700,0.44,0.8999999999999999,6,0.8420400730960566,140,,
700,0.44,0.8999999999999999,6,0.7149710674544382,140,,
700,0.44,0.8999999999999999,6,0.8555076809038076,140,,
700,0.44,0.8999999999999999,6,0.7090863815060934,140,,
700,0.44,0.8999999999999999,6,0.9221971590977429,140,,
700,0.44,0.8999999999999999,7,1.729681708640372,170,,
700,0.44,0.8999999999999999,6,1.7758297415168565,170,,
700,0.44,0.8999999999999999,6,0.998755326511735,140,,
700,0.44,0.8999999999999999,6,0.8728476448215964,140,,
700,0.44,0.8999999999999999,6,1.702296368687536,170,,
700,0.44,0.8999999999999999,6,1.712851728817128,170,,
700,0.44,0.8999999999999999,6,1.8822188169776812,170,,
700,0.44,0.8999999999999999,6,0.8235496120324955,140,,
700,0.44,0.8999999999999999,6,0.6700010817627851,140,,
700,0.44,0.8999999999999999,6,0.7448326070617567,140,,
700,0.44,0.8999999999999999,6,1.9869058715929218,170,,
700,0.44,0.8999999999999999,6,1.8732401367888816,170,,
700,0.44,0.8999999999999999,6,0.7832483366569527,140,,
700,0.44,0.8999999999999999,6,0.5589431809221195,140,,
700,0.44,0.8999999999999999,6,1.8014063259068798,170,,
700,0.44,0.8999999999999999,6,0.7611448732877574,140,,
700,0.44,0.8999999999999999,6,0.18193103045511294,140,,
700,0.44,0.8999999999999999,6,1.8430723836597267,170,,
700,0.44,0.8999999999999999,6,1.861963197122408,170,,
700,0.44,0.8999999999999999,6,0.5750466560558769,140,,
700,0.44,0.8999999999999999,6,0.5711469706381335,140,,
700,0.44,0.8999999999999999,6,0.9531454600551899,140,,
700,0.44,0.8999999999999999,6,0.6059121284322503,140,,
700,0.44,0.8999999999999999,6,0.7871283581235646,140,,
700,0.44,0.8999999999999999,6,0.6214889138311933,140,,
700,0.44,0.8999999999999999,6,0.8440535009420265,140,,
700,0.44,0.8999999999999999,6,1.7876798613453941,170,,
700,0.44,0.8999999999999999,6,0.7574463266163534,140,,
700,0.44,0.8999999999999999,6,1.9299779441164824,170,,
700,0.44,0.8999999999999999,6,0.5480948079010656,140,,
700,0.44,0.8999999999999999,6,0.47752279743959225,140,,
700,0.44,0.8999999999999999,6,0.7413396695784708,140,,
700,0.44,0.8999999999999999,6,0.49407468529552145,140,,
700,0.44,0.8999999999999999,6,0.2373850761257692,140,,
700,0.44,0.8999999999999999,6,0.9688707466329828,140,,
700,0.44,0.8999999999999999,6,0.4361120140991941,140,,
700,0.44,0.8999999999999999,6,0.41577494780166346,140,,
700,0.44,0.8999999999999999,6,0.8716156473083602,140,,
700,0.44,0.8999999999999999,6,1.7168717080731888,170,,
700,0.44,0.8999999999999999,6,1.9311284133448705,170,,
700,0.44,0.8999999999999999,6,1.9171290110518715,170,,
700,0.44,0.8999999999999999,6,0.9210236054791461,140,,
700,0.44,0.8999999999999999,6,0.22230411934914374,140,,
700,0.44,0.8999999999999999,6,0.5818807360439191,140,,
700,0.44,0.8999999999999999,6,0.8498741250157488,140,,
700,0.44,0.8999999999999999,6,1.8019270431724603,170,,
700,0.44,0.8999999999999999,6,0.6622752273033253,140,,
700,0.44,0.8999999999999999,6,0.5752258715422228,140,,
700,0.44,0.8999999999999999,6,0.8579149563082841,140,,
700,0.44,0.8999999999999999,6,1.7428950034884791,170,,
700,0.44,0.8999999999999999,6,0.48637384209656365,140,"6,02","147,5"
